CWE-787,CWE-890,CWE-970
CWE-119,CWE-890,CWE-970
CWE-125,CWE-890,CWE-970
CWE-352,CWE-896,CWE-990
CWE-863,CWE- 899,CWE- 944
CWE-434,CWE- 896,CWE- 993
CWE-264,CWE-264,CWE-264
CWE-862,CWE-899,CWE-944
CWE-798,CWE-895,CWE- 963
CWE-295,CWE-903,CWE-959
CWE-918,CWE-896,CWE-993
CWE-835,CWE-907,CWE-978
CWE-426,CWE-896,CWE-991
CWE-772,CWE-892,CWE-982
CWE-310,CWE-903,CWE-903
CWE-254,delete from dataset,delete from dataset
CWE-399,CWE-892,CWE-892
CWE-843,CWE-907,CWE-978
CWE-384,CWE-898,CWE-947
CWE-908,CWE-907,CWE-978
CWE-129,CWE-890,CWE-970
CWE-1021,CWE-907,CWE-977
CWE-255,CWE- 899,CWE- 944
CWE-917,CWE-896,CWE-990
CWE-1236,CWE-896,CWE-990
CWE-1188,CWE-907,CWE-978
CWE-824,CWE-897,CWE-971
CWE-915,CWE-896,CWE-994
CWE-922,CWE-892,CWE-984
CWE-189,CWE-907,CWE-978
CWE-275,CWE-899,CWE-946
CWE-829,CWE-887,CWE-1001
CWE-834,CWE-892,CWE-985
CWE-1321,CWE-896,CWE-994
CWE-909,CWE-892,CWE-984
CWE-788,CWE-890,CWE-970
CWE-916,CWE-903,CWE-959
CWE-320,CWE-903,CWE-959
CWE-776,CWE-896,CWE-993
CWE-388,CWE-889,CWE-889
CWE-913,CWE-907,CWE-978
CWE-417,CWE-902,CWE-902
CWE-822,CWE- 890,CWE-971
CWE-924,CWE-902,CWE-902
CWE-361,CWE-894,CWE-894
CWE-789,CWE-892,CWE-985
CWE-840,CWE-907,CWE-977
CWE-199,delete from dataset,delete from dataset
CWE-838,CWE-907,CWE-977
CWE-912,CWE-907,CWE-977
CWE-920,CWE-892,CWE-985
CWE-943,CWE-896,CWE-990
CWE-1187,CWE-892,CWE-984
CWE-805,CWE-890,CWE-970
CWE-799,CWE-892,CWE-985
CWE-534,CWE-895,CWE- 963
CWE-769,CWE-892,CWE-985
CWE-823,CWE-890,CWE-970
CWE-1284,CWE-896,CWE-993
CWE-807,CWE- 896,CWE-991
CWE-1333,CWE-892,CWE-985
CWE-775,CWE-892,CWE-984
CWE-216,delete from dataset,delete from dataset
CWE-778,CWE-907,CWE-977
CWE-371,CWE-907,CWE-978
CWE-1286,CWE-896,CWE-993
CWE-1076,CWE-907,CWE-978
CWE-1004,CWE-899,CWE-945
CWE-1278,delete from dataset,delete from dataset
CWE-1329,CWE-887,CWE-1001
CWE-1336,CWE-896,CWE-990
CWE-786,CWE-890,CWE-970
CWE-911,CWE-907,CWE-978